{"cameraMode":{"drawMode":0,"name":"Shaded","section":"Shading Mode"},"sceneLighting":true,"audioPlay":false,"sceneViewState":{"m_AlwaysRefresh":false,"showFog":true,"showSkybox":true,"showFlares":true,"showImageEffects":true,"showParticleSystems":true,"showVisualEffectGraphs":true,"m_FxEnabled":true},"in2DMode":false,"pivot":{"x":0.3520832657814026,"y":-0.46928417682647707,"z":-4.3648552894592289},"rotation":{"x":-0.0012377937091514469,"y":0.9897856712341309,"z":-0.14232023060321809,"w":-0.008610590361058712},"size":2.5837600231170656,"orthographic":false}